{"loss": [0.5842440128326416, 0.29939451813697815, 0.24226045608520508, 0.22050926089286804, 0.20275822281837463, 0.19766680896282196, 0.18172872066497803, 0.15800778567790985, 0.16393671929836273, 0.1534273475408554, 0.14233367145061493, 0.1430802196264267, 0.13969369232654572, 0.1393931806087494, 0.13128814101219177, 0.12100043147802353, 0.11616825312376022, 0.12272680550813675, 0.11690866202116013, 0.11862780153751373, 0.10950907319784164, 0.11686445772647858, 0.10649445652961731, 0.10760968178510666, 0.09707553684711456, 0.09900891780853271, 0.0983472391963005, 0.09447893500328064, 0.09567868709564209, 0.09484610706567764], "accuracy": [0.81229168176651, 0.9161458611488342, 0.9277083277702332, 0.9338541626930237, 0.9401041865348816, 0.9418749809265137, 0.9463541507720947, 0.9557291865348816, 0.9514583349227905, 0.9574999809265137, 0.9590625166893005, 0.958020806312561, 0.9621875286102295, 0.9618750214576721, 0.9634374976158142, 0.9681249856948853, 0.96875, 0.9680208563804626, 0.9683333039283752, 0.9677083492279053, 0.9712499976158142, 0.9694791436195374, 0.9725000262260437, 0.9730208516120911, 0.9769791960716248, 0.97635418176651, 0.9748958349227905, 0.9766666889190674, 0.9753124713897705, 0.9760416746139526], "val_loss": [0.34847256541252136, 0.28209686279296875, 0.2371273785829544, 0.23424763977527618, 0.21850718557834625, 0.21831807494163513, 0.1752355545759201, 0.19086959958076477, 0.1930495649576187, 0.17393669486045837, 0.17826655507087708, 0.16726629436016083, 0.17945845425128937, 0.1666930615901947, 0.16290366649627686, 0.16225169599056244, 0.16752825677394867, 0.15593697130680084, 0.16921253502368927, 0.16696150600910187, 0.15085332095623016, 0.16073919832706451, 0.16923566162586212, 0.13608795404434204, 0.15141096711158752, 0.15633195638656616, 0.15014982223510742, 0.14396066963672638, 0.16853466629981995, 0.15181207656860352], "val_accuracy": [0.9079166650772095, 0.9108333587646484, 0.9308333396911621, 0.9325000047683716, 0.940416693687439, 0.9383333325386047, 0.9466666579246521, 0.9470833539962769, 0.9487500190734863, 0.956250011920929, 0.9512500166893005, 0.956250011920929, 0.9516666531562805, 0.9608333110809326, 0.9583333134651184, 0.9591666460037231, 0.9583333134651184, 0.9595833420753479, 0.9604166746139526, 0.9608333110809326, 0.9683333039283752, 0.9662500023841858, 0.9608333110809326, 0.9683333039283752, 0.9674999713897705, 0.9641666412353516, 0.965833306312561, 0.9704166650772095, 0.9587500095367432, 0.9695833325386047]}