{"loss": [0.6162660717964172, 0.3136635422706604, 0.2507792115211487, 0.23896588385105133, 0.2096097618341446, 0.20008081197738647, 0.1821868121623993, 0.16405007243156433, 0.1709454506635666, 0.16929827630519867, 0.15481814742088318, 0.1497403234243393, 0.13948996365070343, 0.13982604444026947, 0.13042452931404114, 0.11833298951387405, 0.12981797754764557, 0.11534237861633301, 0.1173558160662651, 0.11291525512933731, 0.11319427192211151, 0.11262181401252747, 0.10817581415176392, 0.10713353753089905, 0.11386052519083023, 0.10932177305221558, 0.10363509505987167, 0.10540417581796646, 0.09872011095285416, 0.09583170711994171], "accuracy": [0.7986458539962769, 0.9041666388511658, 0.9237499833106995, 0.92947918176651, 0.9394791722297668, 0.9405208230018616, 0.9458333253860474, 0.9523958563804626, 0.9505208134651184, 0.9508333206176758, 0.9557291865348816, 0.9558333158493042, 0.9608333110809326, 0.9621875286102295, 0.9643750190734863, 0.9684374928474426, 0.9647916555404663, 0.9693750143051147, 0.9672916531562805, 0.9713541865348816, 0.9691666960716248, 0.9697916507720947, 0.972083330154419, 0.9731249809265137, 0.9715625047683716, 0.9714583158493042, 0.973645806312561, 0.9726041555404663, 0.9752083420753479, 0.9782291650772095], "val_loss": [0.3042123019695282, 0.21777962148189545, 0.20444440841674805, 0.17726270854473114, 0.15772554278373718, 0.18310272693634033, 0.15085890889167786, 0.14174285531044006, 0.15180546045303345, 0.1504414826631546, 0.1412884145975113, 0.13006450235843658, 0.14087823033332825, 0.1308131068944931, 0.13869477808475494, 0.14263981580734253, 0.11714693903923035, 0.11801262944936752, 0.11923889070749283, 0.1318388730287552, 0.11297990381717682, 0.1156536266207695, 0.1254359632730484, 0.11385136842727661, 0.14591404795646667, 0.1172419860959053, 0.13066565990447998, 0.11551520973443985, 0.11802580207586288, 0.11078426241874695], "val_accuracy": [0.9104166626930237, 0.9295833110809326, 0.9429166913032532, 0.9491666555404663, 0.95333331823349, 0.9375, 0.9570833444595337, 0.9587500095367432, 0.9549999833106995, 0.9579166769981384, 0.956250011920929, 0.9587500095367432, 0.9624999761581421, 0.965833306312561, 0.9599999785423279, 0.9574999809265137, 0.9670833349227905, 0.9674999713897705, 0.9670833349227905, 0.9641666412353516, 0.9729166626930237, 0.9679166674613953, 0.9674999713897705, 0.971666693687439, 0.9591666460037231, 0.9712499976158142, 0.965416669845581, 0.9712499976158142, 0.9691666960716248, 0.9737499952316284]}