{"loss": [0.5901678800582886, 0.301352322101593, 0.25909623503685, 0.22831428050994873, 0.21462836861610413, 0.20171545445919037, 0.1843828707933426, 0.16942404210567474, 0.17152342200279236, 0.16036458313465118, 0.17139141261577606, 0.1456584930419922, 0.13802938163280487, 0.1357744336128235, 0.1335272341966629, 0.13066056370735168, 0.14522027969360352, 0.12855598330497742, 0.12076914310455322, 0.11657664179801941, 0.11119180172681808, 0.11130941659212112, 0.10931473970413208, 0.1100432425737381, 0.10512568801641464, 0.11197973787784576, 0.10384725779294968, 0.10466606169939041, 0.09651193022727966, 0.0962328314781189], "accuracy": [0.8123958110809326, 0.9105208516120911, 0.9213541746139526, 0.9348958134651184, 0.9363541603088379, 0.940416693687439, 0.9460416436195374, 0.9512500166893005, 0.9506250023841858, 0.9545833468437195, 0.95333331823349, 0.9602083563804626, 0.96114581823349, 0.9621875286102295, 0.9634374976158142, 0.9632291793823242, 0.9609375, 0.9622916579246521, 0.9679166674613953, 0.9690625071525574, 0.9704166650772095, 0.9694791436195374, 0.9696875214576721, 0.9695833325386047, 0.9731249809265137, 0.9692708253860474, 0.9727083444595337, 0.9725000262260437, 0.9768750071525574, 0.97677081823349], "val_loss": [0.31365877389907837, 0.26427435874938965, 0.25236520171165466, 0.21132242679595947, 0.2084226757287979, 0.20496413111686707, 0.188710555434227, 0.19437704980373383, 0.17857597768306732, 0.18034178018569946, 0.17737805843353271, 0.18342705070972443, 0.16776935756206512, 0.1640118509531021, 0.19945773482322693, 0.1647402048110962, 0.17838260531425476, 0.16584911942481995, 0.16641496121883392, 0.15709622204303741, 0.1507224142551422, 0.15075476467609406, 0.1877569854259491, 0.15725691616535187, 0.15507259964942932, 0.15352509915828705, 0.16280639171600342, 0.14474985003471375, 0.1435556858778, 0.1466897577047348], "val_accuracy": [0.9133333563804626, 0.9241666793823242, 0.9283333420753479, 0.9416666626930237, 0.9416666626930237, 0.9416666626930237, 0.9508333206176758, 0.9429166913032532, 0.9487500190734863, 0.95333331823349, 0.949999988079071, 0.9524999856948853, 0.9549999833106995, 0.956250011920929, 0.9479166865348816, 0.9616666436195374, 0.9587500095367432, 0.9579166769981384, 0.9566666483879089, 0.9583333134651184, 0.9616666436195374, 0.9604166746139526, 0.9487500190734863, 0.9591666460037231, 0.9624999761581421, 0.9608333110809326, 0.9624999761581421, 0.9620833396911621, 0.9624999761581421, 0.9645833373069763]}