{"loss": [0.6162776350975037, 0.2973848581314087, 0.2462032586336136, 0.22220151126384735, 0.20319819450378418, 0.19464926421642303, 0.175456702709198, 0.171727254986763, 0.15955781936645508, 0.1508466601371765, 0.14396262168884277, 0.14304617047309875, 0.13939332962036133, 0.13063402473926544, 0.1240607351064682, 0.1341961920261383, 0.12361764162778854, 0.11875379085540771, 0.11462908238172531, 0.11678080260753632, 0.11771029233932495, 0.11744207888841629, 0.10368135571479797, 0.10240790992975235, 0.10176067799329758, 0.10503462702035904, 0.0983298197388649, 0.1009584367275238, 0.09253409504890442, 0.09576062113046646], "accuracy": [0.7954166531562805, 0.9104166626930237, 0.9239583611488342, 0.9329166412353516, 0.93770831823349, 0.9429166913032532, 0.9491666555404663, 0.9508333206176758, 0.9532291889190674, 0.9556249976158142, 0.9601041674613953, 0.9599999785423279, 0.9596874713897705, 0.9628124833106995, 0.965624988079071, 0.9624999761581421, 0.9669791460037231, 0.9677083492279053, 0.9706249833106995, 0.9673958420753479, 0.9691666960716248, 0.9692708253860474, 0.9717708230018616, 0.9730208516120911, 0.9725000262260437, 0.9721875190734863, 0.9754166603088379, 0.9744791388511658, 0.9770833253860474, 0.9747916460037231], "val_loss": [0.3068375289440155, 0.24772648513317108, 0.22702282667160034, 0.2157440483570099, 0.19429656863212585, 0.22487381100654602, 0.18503792583942413, 0.16918759047985077, 0.1887442022562027, 0.16951213777065277, 0.17839184403419495, 0.15929287672042847, 0.16979514062404633, 0.15307345986366272, 0.15702001750469208, 0.15240764617919922, 0.15193991363048553, 0.15373347699642181, 0.15702520310878754, 0.1610451191663742, 0.14802464842796326, 0.15499697625637054, 0.15339474380016327, 0.1462717056274414, 0.16066531836986542, 0.15406940877437592, 0.15751053392887115, 0.14916008710861206, 0.16456663608551025, 0.13642467558383942], "val_accuracy": [0.9075000286102295, 0.92166668176651, 0.9325000047683716, 0.9291666746139526, 0.9437500238418579, 0.9370833039283752, 0.9508333206176758, 0.9574999809265137, 0.9416666626930237, 0.9574999809265137, 0.9587500095367432, 0.9612500071525574, 0.9558333158493042, 0.9599999785423279, 0.9604166746139526, 0.965416669845581, 0.9645833373069763, 0.9604166746139526, 0.9595833420753479, 0.9637500047683716, 0.9645833373069763, 0.9637500047683716, 0.9666666388511658, 0.9683333039283752, 0.9645833373069763, 0.965416669845581, 0.9649999737739563, 0.9704166650772095, 0.9670833349227905, 0.9725000262260437]}