{"loss": [0.6109604835510254, 0.31069642305374146, 0.25186246633529663, 0.2346380054950714, 0.21593399345874786, 0.19120298326015472, 0.1819642186164856, 0.1697433739900589, 0.16623379290103912, 0.15621453523635864, 0.15089096128940582, 0.1459755301475525, 0.13905958831310272, 0.13901646435260773, 0.13910271227359772, 0.128789484500885, 0.11813395470380783, 0.12462787330150604, 0.12172934412956238, 0.11688396334648132, 0.1152864322066307, 0.1116492748260498, 0.1036839634180069, 0.10841105133295059, 0.09865060448646545, 0.10894867032766342, 0.10044372081756592, 0.09403993934392929, 0.10693877190351486, 0.10035299509763718], "accuracy": [0.81229168176651, 0.9084374904632568, 0.9290624856948853, 0.9304166436195374, 0.9362499713897705, 0.9458333253860474, 0.9477083086967468, 0.9505208134651184, 0.9509375095367432, 0.9542708396911621, 0.957604169845581, 0.9581249952316284, 0.96072918176651, 0.9590625166893005, 0.9604166746139526, 0.9648958444595337, 0.96854168176651, 0.964270830154419, 0.96895831823349, 0.9693750143051147, 0.96875, 0.9723958373069763, 0.9744791388511658, 0.9727083444595337, 0.973645806312561, 0.9715625047683716, 0.9745833277702332, 0.97677081823349, 0.973645806312561, 0.9760416746139526], "val_loss": [0.3470779061317444, 0.2734684646129608, 0.2588532567024231, 0.27367401123046875, 0.2777475118637085, 0.2542721927165985, 0.24317410588264465, 0.2260369062423706, 0.22276388108730316, 0.21102964878082275, 0.21848294138908386, 0.2012702375650406, 0.21025791764259338, 0.19968639314174652, 0.20651857554912567, 0.2103484869003296, 0.20838476717472076, 0.2041456401348114, 0.20459114015102386, 0.199408158659935, 0.19705215096473694, 0.21078644692897797, 0.19958564639091492, 0.18289397656917572, 0.18325579166412354, 0.18590471148490906, 0.19146879017353058, 0.2055796980857849, 0.20844177901744843, 0.18472181260585785], "val_accuracy": [0.9024999737739563, 0.9254166483879089, 0.925000011920929, 0.9275000095367432, 0.9170833230018616, 0.9283333420753479, 0.9333333373069763, 0.9379166960716248, 0.9412500262260437, 0.9424999952316284, 0.9429166913032532, 0.9512500166893005, 0.9504166841506958, 0.95291668176651, 0.949999988079071, 0.9487500190734863, 0.9504166841506958, 0.9495833516120911, 0.949999988079071, 0.9554166793823242, 0.95291668176651, 0.9545833468437195, 0.949999988079071, 0.95333331823349, 0.9537500143051147, 0.956250011920929, 0.9558333158493042, 0.9558333158493042, 0.949999988079071, 0.9549999833106995]}