{"loss": [0.528624951839447, 0.2576444447040558, 0.20147190988063812, 0.1786026656627655, 0.15369641780853271, 0.14096450805664062, 0.12969167530536652, 0.11722354590892792, 0.11773724853992462, 0.11120463162660599, 0.10103392601013184, 0.0966351106762886, 0.09964235126972198, 0.09136968106031418, 0.08422373235225677, 0.08348903059959412, 0.07921338081359863, 0.08787601441144943, 0.08081614971160889, 0.06914208084344864, 0.08000633865594864, 0.07103858143091202, 0.06692128628492355, 0.06894057989120483, 0.0739135891199112, 0.07241974771022797, 0.06512640416622162, 0.06463677436113358, 0.05415227264165878, 0.05740388110280037, 0.076261006295681, 0.06082317233085632, 0.056751836091279984, 0.05380940064787865, 0.05397283658385277, 0.05755309388041496, 0.04867585748434067, 0.06597349047660828, 0.05963471904397011, 0.055248335003852844, 0.047161635011434555, 0.047054652124643326, 0.039971645921468735, 0.0494016632437706, 0.04314699396491051, 0.04193463176488876, 0.046845678240060806, 0.04964431747794151, 0.04728558659553528, 0.0444512814283371, 0.04007003828883171, 0.03631225600838661, 0.0410374253988266, 0.039157480001449585, 0.04165598377585411, 0.05404425784945488, 0.044004954397678375, 0.037352900952100754, 0.03808935731649399, 0.03400060161948204], "accuracy": [0.8309375047683716, 0.9217708110809326, 0.940416693687439, 0.9473958611488342, 0.9561458230018616, 0.9588541388511658, 0.963854193687439, 0.9671875238418579, 0.9673958420753479, 0.9681249856948853, 0.9727083444595337, 0.9723958373069763, 0.9727083444595337, 0.9764583110809326, 0.9790624976158142, 0.9775000214576721, 0.9806249737739563, 0.9783333539962769, 0.9805208444595337, 0.984375, 0.9803125262260437, 0.9851041436195374, 0.9847916960716248, 0.9848958253860474, 0.9830208420753479, 0.9832291603088379, 0.9859374761581421, 0.9860416650772095, 0.9904166460037231, 0.9884374737739563, 0.98416668176651, 0.9870833158493042, 0.9894791841506958, 0.9903125166893005, 0.9893749952316284, 0.9893749952316284, 0.9918749928474426, 0.9857291579246521, 0.988854169845581, 0.9896875023841858, 0.9928125143051147, 0.9913541674613953, 0.9952083230018616, 0.9909374713897705, 0.9932291507720947, 0.9925000071525574, 0.9907291531562805, 0.9913541674613953, 0.9911458492279053, 0.9927083253860474, 0.9936458468437195, 0.9948958158493042, 0.9927083253860474, 0.9936458468437195, 0.9931250214576721, 0.9915624856948853, 0.99239581823349, 0.9938541650772095, 0.9931250214576721, 0.9943749904632568], "val_loss": [0.3104945421218872, 0.21442201733589172, 0.2534039616584778, 0.20371736586093903, 0.17796795070171356, 0.16192682087421417, 0.15132653713226318, 0.14566436409950256, 0.1552162617444992, 0.14215466380119324, 0.13718350231647491, 0.1425587236881256, 0.14396411180496216, 0.16057650744915009, 0.13716799020767212, 0.1931590735912323, 0.13214997947216034, 0.1809663325548172, 0.13355936110019684, 0.1284063458442688, 0.13195113837718964, 0.1460103988647461, 0.14926648139953613, 0.13971976935863495, 0.1561080664396286, 0.12544456124305725, 0.135497584939003, 0.13170860707759857, 0.14776849746704102, 0.13208329677581787, 0.13223496079444885, 0.15221892297267914, 0.14362113177776337, 0.14259123802185059, 0.1339872181415558, 0.1269398033618927, 0.15864311158657074, 0.16376297175884247, 0.1339591145515442, 0.13384650647640228, 0.14298799633979797, 0.14967447519302368, 0.1319718360900879, 0.108127161860466, 0.13598772883415222, 0.1591314822435379, 0.1556493490934372, 0.13603533804416656, 0.127848282456398, 0.1193474605679512, 0.12729433178901672, 0.11258924752473831, 0.17526139318943024, 0.13076776266098022, 0.12975482642650604, 0.12071321159601212, 0.12283175438642502, 0.12049467861652374, 0.10641857981681824, 0.11898576468229294], "val_accuracy": [0.9075000286102295, 0.934583306312561, 0.9225000143051147, 0.940416693687439, 0.9479166865348816, 0.9504166841506958, 0.9566666483879089, 0.9604166746139526, 0.9541666507720947, 0.9616666436195374, 0.9662500023841858, 0.9662500023841858, 0.9645833373069763, 0.9545833468437195, 0.9662500023841858, 0.95291668176651, 0.965416669845581, 0.9549999833106995, 0.9679166674613953, 0.965833306312561, 0.9670833349227905, 0.9637500047683716, 0.9645833373069763, 0.9679166674613953, 0.9574999809265137, 0.9712499976158142, 0.9704166650772095, 0.9708333611488342, 0.96875, 0.9737499952316284, 0.9662500023841858, 0.965833306312561, 0.9691666960716248, 0.972083330154419, 0.972083330154419, 0.9666666388511658, 0.9704166650772095, 0.9645833373069763, 0.9691666960716248, 0.9708333611488342, 0.9695833325386047, 0.965833306312561, 0.971666693687439, 0.9758333563804626, 0.9725000262260437, 0.9604166746139526, 0.96875, 0.9729166626930237, 0.9745833277702332, 0.9750000238418579, 0.9745833277702332, 0.9758333563804626, 0.9629166722297668, 0.9758333563804626, 0.9766666889190674, 0.9766666889190674, 0.9762499928474426, 0.9762499928474426, 0.9779166579246521, 0.9754166603088379]}