{"loss": [0.5249104499816895, 0.26224926114082336, 0.2108943909406662, 0.1841137707233429, 0.1472555696964264, 0.14554114639759064, 0.12964586913585663, 0.11680623143911362, 0.10460864752531052, 0.09986411780118942, 0.10357937216758728, 0.09152784198522568, 0.09482076019048691, 0.09656275808811188, 0.0867101326584816, 0.09658576548099518, 0.07567477226257324, 0.07843167334794998, 0.07591861486434937, 0.08100628852844238, 0.07506884634494781, 0.07507481426000595, 0.07322967052459717, 0.06566910445690155, 0.06205793470144272, 0.08060774207115173, 0.06540240347385406, 0.06273923814296722, 0.05985407531261444, 0.05783316120505333, 0.05639446899294853, 0.06892833113670349, 0.05925952270627022, 0.07279130816459656, 0.0636255070567131, 0.0548100471496582, 0.04648250713944435, 0.05055270344018936, 0.05570763349533081, 0.053735822439193726, 0.050000742077827454, 0.050761546939611435, 0.052149441093206406, 0.04687178507447243, 0.058384139090776443, 0.04927244037389755, 0.040408048778772354, 0.038755182176828384, 0.04143516719341278, 0.047149356454610825, 0.04957009479403496, 0.048658162355422974, 0.03860228881239891, 0.03866608068346977, 0.04591786861419678, 0.038589611649513245, 0.040514666587114334, 0.03679729625582695, 0.03424038738012314, 0.041060350835323334], "accuracy": [0.8337500095367432, 0.9222916960716248, 0.93770831823349, 0.94510418176651, 0.9573958516120911, 0.9585416913032532, 0.9646875262260437, 0.9679166674613953, 0.9710416793823242, 0.9723958373069763, 0.9715625047683716, 0.9772916436195374, 0.9748958349227905, 0.9742708206176758, 0.9779166579246521, 0.9754166603088379, 0.981249988079071, 0.9805208444595337, 0.9823958277702332, 0.9807291626930237, 0.9832291603088379, 0.9831249713897705, 0.9839583039283752, 0.9858333468437195, 0.9871875047683716, 0.9811458587646484, 0.9878125190734863, 0.9866666793823242, 0.9867708086967468, 0.988854169845581, 0.9876041412353516, 0.9847916960716248, 0.9886458516120911, 0.9836458563804626, 0.9861458539962769, 0.9894791841506958, 0.9926041960716248, 0.9904166460037231, 0.9895833134651184, 0.9894791841506958, 0.9906250238418579, 0.9910416603088379, 0.9904166460037231, 0.9925000071525574, 0.9881250262260437, 0.9911458492279053, 0.9935416579246521, 0.9944791793823242, 0.9935416579246521, 0.9916666746139526, 0.9909374713897705, 0.9905208349227905, 0.9944791793823242, 0.9940624833106995, 0.9921875, 0.9937499761581421, 0.9935416579246521, 0.9943749904632568, 0.995520830154419, 0.9928125143051147], "val_loss": [0.27702024579048157, 0.2557224929332733, 0.19009236991405487, 0.16520042717456818, 0.1746387630701065, 0.1487726867198944, 0.14329327642917633, 0.12885098159313202, 0.12858186662197113, 0.16010285913944244, 0.1466168612241745, 0.13350076973438263, 0.1313743144273758, 0.1306031346321106, 0.12212967872619629, 0.12269046902656555, 0.12187033146619797, 0.11958123743534088, 0.11859722435474396, 0.10889668762683868, 0.14635807275772095, 0.1269323229789734, 0.10576923191547394, 0.12195532768964767, 0.12620165944099426, 0.1293066442012787, 0.11364888399839401, 0.11077678948640823, 0.10992230474948883, 0.11421506106853485, 0.12114645540714264, 0.10479648411273956, 0.1317685842514038, 0.12347624450922012, 0.11631850898265839, 0.11704123020172119, 0.13695675134658813, 0.13295866549015045, 0.12133054435253143, 0.1156502291560173, 0.11795303225517273, 0.11356470733880997, 0.11452092230319977, 0.1387345939874649, 0.12881377339363098, 0.12304738163948059, 0.09184876084327698, 0.11742225289344788, 0.14346539974212646, 0.14467023313045502, 0.13961224257946014, 0.11451109498739243, 0.12319161742925644, 0.15206794440746307, 0.13502252101898193, 0.12415754795074463, 0.10415820777416229, 0.11715784668922424, 0.10521344095468521, 0.1080196350812912], "val_accuracy": [0.9162499904632568, 0.9245833158493042, 0.9412500262260437, 0.9462500214576721, 0.9520833492279053, 0.9604166746139526, 0.9566666483879089, 0.9649999737739563, 0.96875, 0.9620833396911621, 0.9595833420753479, 0.9612500071525574, 0.9704166650772095, 0.9633333086967468, 0.9712499976158142, 0.9737499952316284, 0.9695833325386047, 0.9737499952316284, 0.9737499952316284, 0.9758333563804626, 0.965833306312561, 0.9729166626930237, 0.972083330154419, 0.9700000286102295, 0.9708333611488342, 0.9704166650772095, 0.9754166603088379, 0.9729166626930237, 0.9766666889190674, 0.9758333563804626, 0.9795833230018616, 0.9800000190734863, 0.9725000262260437, 0.9695833325386047, 0.9741666913032532, 0.9795833230018616, 0.9750000238418579, 0.9754166603088379, 0.9775000214576721, 0.9758333563804626, 0.9766666889190674, 0.9795833230018616, 0.9762499928474426, 0.9745833277702332, 0.9708333611488342, 0.9779166579246521, 0.981249988079071, 0.9754166603088379, 0.9741666913032532, 0.9729166626930237, 0.9762499928474426, 0.9804166555404663, 0.9770833253860474, 0.9758333563804626, 0.9741666913032532, 0.9766666889190674, 0.9787499904632568, 0.9787499904632568, 0.9791666865348816, 0.9766666889190674]}