{"loss": [0.5047999620437622, 0.24880114197731018, 0.20001770555973053, 0.16926702857017517, 0.14995290338993073, 0.13935914635658264, 0.1254304051399231, 0.11218231171369553, 0.10478594899177551, 0.09921307116746902, 0.10330672562122345, 0.09992709755897522, 0.09434603154659271, 0.08553147315979004, 0.09605904668569565, 0.07476050406694412, 0.0668955147266388, 0.07415616512298584, 0.07385723292827606, 0.07546976953744888, 0.06829548627138138, 0.07452483475208282, 0.07034864276647568, 0.06783773750066757, 0.06566867977380753, 0.06257808953523636, 0.058482829481363297, 0.06115115433931351, 0.05703901872038841, 0.060458939522504807, 0.06016068905591965, 0.06100456416606903, 0.0515025295317173, 0.06037498638033867, 0.058825504034757614, 0.05725128948688507, 0.05603887513279915, 0.051100730895996094, 0.05751539766788483, 0.05710886791348457, 0.04994259029626846, 0.05713033676147461, 0.05381385236978531, 0.040210410952568054, 0.05257865786552429, 0.04206658527255058, 0.03972857818007469, 0.04447378218173981, 0.04104166850447655, 0.04304714873433113, 0.038259003311395645, 0.04761689901351929, 0.046420592814683914, 0.036810994148254395, 0.03664150461554527, 0.04655592143535614, 0.04783019796013832, 0.04049529880285263, 0.041632745414972305, 0.03175545111298561], "accuracy": [0.8426041603088379, 0.9272916913032532, 0.9413541555404663, 0.9505208134651184, 0.957604169845581, 0.9590625166893005, 0.9649999737739563, 0.9688541889190674, 0.9715625047683716, 0.972083330154419, 0.9729166626930237, 0.9725000262260437, 0.9730208516120911, 0.9772916436195374, 0.9747916460037231, 0.9827083349227905, 0.9852083325386047, 0.9836458563804626, 0.9831249713897705, 0.9818750023841858, 0.9851041436195374, 0.9818750023841858, 0.98416668176651, 0.9852083325386047, 0.9862499833106995, 0.9882291555404663, 0.9894791841506958, 0.9865624904632568, 0.987708330154419, 0.9876041412353516, 0.9873958230018616, 0.9887499809265137, 0.9908333420753479, 0.9870833158493042, 0.9883333444595337, 0.9894791841506958, 0.9903125166893005, 0.9912499785423279, 0.989270806312561, 0.9886458516120911, 0.9917708039283752, 0.9881250262260437, 0.9894791841506958, 0.9946874976158142, 0.9901041388511658, 0.9931250214576721, 0.9937499761581421, 0.9931250214576721, 0.9938541650772095, 0.9931250214576721, 0.9935416579246521, 0.9917708039283752, 0.9915624856948853, 0.9941666722297668, 0.9943749904632568, 0.9900000095367432, 0.9904166460037231, 0.9934375286102295, 0.9935416579246521, 0.9959375262260437], "val_loss": [0.3070147633552551, 0.26804521679878235, 0.25872716307640076, 0.2448294758796692, 0.1914384812116623, 0.20955239236354828, 0.18610115349292755, 0.18128229677677155, 0.19371722638607025, 0.20273855328559875, 0.1730874627828598, 0.16107328236103058, 0.17403006553649902, 0.18584111332893372, 0.18100130558013916, 0.17006038129329681, 0.19085662066936493, 0.17472630739212036, 0.16859997808933258, 0.17238450050354004, 0.17269039154052734, 0.19457244873046875, 0.1769765019416809, 0.1832589954137802, 0.202678382396698, 0.15863578021526337, 0.20137901604175568, 0.17296062409877777, 0.1898648887872696, 0.1852184236049652, 0.20709508657455444, 0.1760776937007904, 0.19899265468120575, 0.20821481943130493, 0.17854629456996918, 0.16557706892490387, 0.15803775191307068, 0.17967912554740906, 0.19426552951335907, 0.1858498454093933, 0.19722631573677063, 0.22951467335224152, 0.18137378990650177, 0.18437407910823822, 0.1758599877357483, 0.1870744377374649, 0.17511560022830963, 0.1750909388065338, 0.16929827630519867, 0.18995802104473114, 0.21358337998390198, 0.20486827194690704, 0.2003515511751175, 0.1690703183412552, 0.19374045729637146, 0.18628515303134918, 0.1936667561531067, 0.19380617141723633, 0.18391063809394836, 0.2152179777622223], "val_accuracy": [0.918749988079071, 0.9270833134651184, 0.9304166436195374, 0.934583306312561, 0.9520833492279053, 0.9449999928474426, 0.95333331823349, 0.9583333134651184, 0.9558333158493042, 0.9570833444595337, 0.9574999809265137, 0.9641666412353516, 0.9629166722297668, 0.949999988079071, 0.9579166769981384, 0.9595833420753479, 0.9608333110809326, 0.9574999809265137, 0.9645833373069763, 0.9641666412353516, 0.9612500071525574, 0.9633333086967468, 0.965833306312561, 0.9633333086967468, 0.9512500166893005, 0.965833306312561, 0.9629166722297668, 0.9649999737739563, 0.9604166746139526, 0.9629166722297668, 0.9566666483879089, 0.9629166722297668, 0.9670833349227905, 0.9637500047683716, 0.965416669845581, 0.9670833349227905, 0.9666666388511658, 0.96875, 0.9616666436195374, 0.9666666388511658, 0.9637500047683716, 0.9537500143051147, 0.9712499976158142, 0.9670833349227905, 0.9708333611488342, 0.9645833373069763, 0.9670833349227905, 0.9704166650772095, 0.9691666960716248, 0.965833306312561, 0.9620833396911621, 0.9679166674613953, 0.9683333039283752, 0.9700000286102295, 0.9670833349227905, 0.9695833325386047, 0.9633333086967468, 0.9704166650772095, 0.9741666913032532, 0.9674999713897705]}