{"loss": [0.4853861927986145, 0.2568170130252838, 0.19044725596904755, 0.1661064326763153, 0.15132683515548706, 0.13566243648529053, 0.12299612909555435, 0.11124179512262344, 0.10591288655996323, 0.10708299279212952, 0.0989735797047615, 0.09104182571172714, 0.08632311224937439, 0.08531571924686432, 0.08891961723566055, 0.08219637721776962, 0.0752420648932457, 0.08216239511966705, 0.07573388516902924, 0.07043653726577759, 0.0848483294248581, 0.06810200959444046, 0.07224895805120468, 0.06479185819625854, 0.0649617612361908, 0.06830152869224548, 0.0591779462993145, 0.07419991493225098, 0.061146531254053116, 0.06673038750886917, 0.054433077573776245, 0.06405273079872131, 0.052032873034477234, 0.04764401167631149, 0.06437410414218903, 0.05383198335766792, 0.058687642216682434, 0.07379096001386642, 0.0518113374710083, 0.04153633862733841, 0.05630107969045639, 0.044521573930978775, 0.045706264674663544, 0.052550867199897766, 0.04915732145309448, 0.04244189336895943, 0.048211824148893356, 0.0491950586438179, 0.056120142340660095, 0.041925959289073944, 0.05063566192984581, 0.043733999133110046, 0.043505579233169556, 0.03883200138807297, 0.0339757539331913, 0.037847500294446945, 0.04337894544005394, 0.05304949730634689, 0.03672977164387703, 0.03594297170639038], "accuracy": [0.8371875286102295, 0.9214583039283752, 0.9411458373069763, 0.9519791603088379, 0.9557291865348816, 0.9609375, 0.9646875262260437, 0.96854168176651, 0.9728124737739563, 0.9713541865348816, 0.9729166626930237, 0.9762499928474426, 0.9781249761581421, 0.9766666889190674, 0.9786458611488342, 0.9817708134651184, 0.9820833206176758, 0.9806249737739563, 0.9828125238418579, 0.9850000143051147, 0.9791666865348816, 0.9848958253860474, 0.9847916960716248, 0.9865624904632568, 0.9854166507720947, 0.9848958253860474, 0.9884374737739563, 0.9840624928474426, 0.9885416626930237, 0.9861458539962769, 0.9909374713897705, 0.9867708086967468, 0.9906250238418579, 0.9920833110809326, 0.9866666793823242, 0.9906250238418579, 0.989270806312561, 0.9834374785423279, 0.9909374713897705, 0.9954166412353516, 0.9884374737739563, 0.9930208325386047, 0.9920833110809326, 0.9905208349227905, 0.9912499785423279, 0.9937499761581421, 0.9921875, 0.9905208349227905, 0.9887499809265137, 0.9941666722297668, 0.9912499785423279, 0.9932291507720947, 0.9931250214576721, 0.9944791793823242, 0.9964583516120911, 0.9943749904632568, 0.9920833110809326, 0.9903125166893005, 0.995104193687439, 0.9956250190734863], "val_loss": [0.2736591398715973, 0.24718385934829712, 0.18913394212722778, 0.19365112483501434, 0.1520804911851883, 0.14546747505664825, 0.1293272078037262, 0.1318351775407791, 0.1339430809020996, 0.11734526604413986, 0.13808651268482208, 0.12615644931793213, 0.12843674421310425, 0.1142127588391304, 0.12952934205532074, 0.132037952542305, 0.12853308022022247, 0.11588103324174881, 0.1269679069519043, 0.1245480477809906, 0.144566610455513, 0.12342609465122223, 0.12309499084949493, 0.12025327980518341, 0.12039177864789963, 0.12652717530727386, 0.14932231605052948, 0.10791812837123871, 0.1653386801481247, 0.12539519369602203, 0.1282348483800888, 0.10947862267494202, 0.12672516703605652, 0.13728933036327362, 0.11249801516532898, 0.115137480199337, 0.12354445457458496, 0.11263881623744965, 0.10198527574539185, 0.10858093202114105, 0.12044990807771683, 0.12323962897062302, 0.11834484338760376, 0.14981040358543396, 0.12279847264289856, 0.12429163604974747, 0.1354757696390152, 0.16906362771987915, 0.11821822822093964, 0.1096128597855568, 0.1047893613576889, 0.12429750710725784, 0.12697631120681763, 0.14080291986465454, 0.15158787369728088, 0.09999183565378189, 0.12123288214206696, 0.11805185675621033, 0.1226176992058754, 0.133433997631073], "val_accuracy": [0.9150000214576721, 0.9191666841506958, 0.9454166889190674, 0.9424999952316284, 0.9629166722297668, 0.9620833396911621, 0.9645833373069763, 0.9599999785423279, 0.9624999761581421, 0.9712499976158142, 0.9645833373069763, 0.9691666960716248, 0.972083330154419, 0.9762499928474426, 0.9649999737739563, 0.9733333587646484, 0.9691666960716248, 0.9708333611488342, 0.9725000262260437, 0.9733333587646484, 0.9620833396911621, 0.9737499952316284, 0.9779166579246521, 0.9741666913032532, 0.9737499952316284, 0.9737499952316284, 0.9729166626930237, 0.9783333539962769, 0.9641666412353516, 0.9745833277702332, 0.9754166603088379, 0.9783333539962769, 0.9754166603088379, 0.9762499928474426, 0.9754166603088379, 0.9775000214576721, 0.9775000214576721, 0.9779166579246521, 0.9791666865348816, 0.9783333539962769, 0.9745833277702332, 0.9808333516120911, 0.9816666841506958, 0.9679166674613953, 0.9808333516120911, 0.9754166603088379, 0.9758333563804626, 0.9691666960716248, 0.9808333516120911, 0.9787499904632568, 0.98458331823349, 0.9795833230018616, 0.9754166603088379, 0.9779166579246521, 0.9737499952316284, 0.9804166555404663, 0.9791666865348816, 0.9825000166893005, 0.9770833253860474, 0.9775000214576721]}