{"loss": [0.5058653354644775, 0.26810282468795776, 0.20866988599300385, 0.17537611722946167, 0.16192831099033356, 0.13625846803188324, 0.13370996713638306, 0.12854762375354767, 0.12911266088485718, 0.11597230285406113, 0.09775824844837189, 0.10232540220022202, 0.09707444906234741, 0.09169164299964905, 0.08870487660169601, 0.09342504292726517, 0.0786747932434082, 0.08464185148477554, 0.07346926629543304, 0.07915470749139786, 0.07930566370487213, 0.07400413602590561, 0.075263611972332, 0.06367700546979904, 0.07000836730003357, 0.06827414780855179, 0.06370998919010162, 0.06681369990110397, 0.06166604906320572, 0.07645274698734283, 0.06261445581912994, 0.05272028222680092, 0.06513617932796478, 0.059084489941596985, 0.05922945588827133, 0.0540778748691082, 0.05917324870824814, 0.05586724728345871, 0.05518953874707222, 0.04719557613134384, 0.04764362424612045, 0.04550708085298538, 0.05430547147989273, 0.054896075278520584, 0.055354129523038864, 0.05345087870955467, 0.042460035532712936, 0.04760397970676422, 0.04133477434515953, 0.04401756078004837, 0.04652232676744461, 0.044488389045000076, 0.04261600226163864, 0.04019442945718765, 0.04233773052692413, 0.0376305989921093, 0.03683378919959068, 0.041799817234277725, 0.053208354860544205, 0.04605676606297493], "accuracy": [0.839270830154419, 0.9205208420753479, 0.9355208277702332, 0.9456250071525574, 0.9514583349227905, 0.9601041674613953, 0.9621875286102295, 0.963854193687439, 0.9619791507720947, 0.9666666388511658, 0.9745833277702332, 0.9714583158493042, 0.9756249785423279, 0.9759374856948853, 0.9772916436195374, 0.9752083420753479, 0.9808333516120911, 0.9787499904632568, 0.9834374785423279, 0.9803125262260437, 0.979479193687439, 0.9836458563804626, 0.984375, 0.989062488079071, 0.98416668176651, 0.9858333468437195, 0.9867708086967468, 0.9853125214576721, 0.9884374737739563, 0.9831249713897705, 0.9887499809265137, 0.9912499785423279, 0.9879166483879089, 0.9884374737739563, 0.9885416626930237, 0.9895833134651184, 0.9894791841506958, 0.9896875023841858, 0.987708330154419, 0.9918749928474426, 0.9916666746139526, 0.99239581823349, 0.9883333444595337, 0.9902083277702332, 0.9898958206176758, 0.9905208349227905, 0.9942708611488342, 0.9921875, 0.9928125143051147, 0.99239581823349, 0.9914583563804626, 0.9931250214576721, 0.9934375286102295, 0.9943749904632568, 0.9926041960716248, 0.9944791793823242, 0.9952083230018616, 0.9929166436195374, 0.9894791841506958, 0.9911458492279053], "val_loss": [0.26938989758491516, 0.21205639839172363, 0.1864415407180786, 0.12964294850826263, 0.12385209649801254, 0.12370151281356812, 0.12265696376562119, 0.15970131754875183, 0.10968343168497086, 0.10244442522525787, 0.11875326931476593, 0.12155149132013321, 0.10629502683877945, 0.10091552138328552, 0.11134117096662521, 0.09945374727249146, 0.10853585600852966, 0.10394906252622604, 0.10862220823764801, 0.09964092820882797, 0.1086723580956459, 0.09653069078922272, 0.10839543491601944, 0.11237233132123947, 0.09609076380729675, 0.10212371498346329, 0.1061125323176384, 0.09275832027196884, 0.09325558692216873, 0.08993995934724808, 0.08565715700387955, 0.11617248505353928, 0.10434801876544952, 0.10427556931972504, 0.09383692592382431, 0.08856959640979767, 0.09037511795759201, 0.09095808118581772, 0.08189312368631363, 0.08245435357093811, 0.09086533635854721, 0.1048361212015152, 0.10067105293273926, 0.08864234387874603, 0.09995755553245544, 0.10583187639713287, 0.08230556547641754, 0.09017293155193329, 0.08934272080659866, 0.0914589911699295, 0.09878265112638474, 0.1045955941081047, 0.10133050382137299, 0.08813384175300598, 0.10354737937450409, 0.09112761169672012, 0.09809774905443192, 0.12136727571487427, 0.1083168163895607, 0.09325076639652252], "val_accuracy": [0.9237499833106995, 0.9287499785423279, 0.9412500262260437, 0.9604166746139526, 0.96875, 0.965416669845581, 0.9633333086967468, 0.9541666507720947, 0.9674999713897705, 0.9733333587646484, 0.9679166674613953, 0.9662500023841858, 0.971666693687439, 0.9733333587646484, 0.972083330154419, 0.9775000214576721, 0.9729166626930237, 0.9725000262260437, 0.971666693687439, 0.9766666889190674, 0.971666693687439, 0.9754166603088379, 0.9758333563804626, 0.972083330154419, 0.9770833253860474, 0.971666693687439, 0.9754166603088379, 0.9783333539962769, 0.9800000190734863, 0.9783333539962769, 0.9820833206176758, 0.9779166579246521, 0.9754166603088379, 0.9775000214576721, 0.9787499904632568, 0.9800000190734863, 0.9800000190734863, 0.9808333516120911, 0.9820833206176758, 0.981249988079071, 0.9783333539962769, 0.9775000214576721, 0.9754166603088379, 0.9783333539962769, 0.9745833277702332, 0.9779166579246521, 0.9829166531562805, 0.9775000214576721, 0.9804166555404663, 0.9766666889190674, 0.9808333516120911, 0.9783333539962769, 0.9758333563804626, 0.981249988079071, 0.9779166579246521, 0.9787499904632568, 0.9775000214576721, 0.9737499952316284, 0.9783333539962769, 0.9808333516120911]}